{"media":6.577297297297298,"minimo":0.0,"massimo":17.53,"somma":243.36,"count":37,"deviazioneStandard":5.257241928558938,"occorrenze":null}