{"media":92.11972972972976,"minimo":76.26,"massimo":100.0,"somma":3408.4300000000007,"count":37,"deviazioneStandard":6.728633244007238,"occorrenze":null}