{"media":1.3878378378378378,"minimo":0.0,"massimo":8.51,"somma":51.349999999999994,"count":37,"occorrenze":null,"deviazioneStandard":2.179525283218783}